1;5;9;rejected;2020-10-30T17:08:28.769852200
2;8;10;rejected;2020-10-30T17:08:28.769852200
3;12;13;approved;2020-10-30T17:08:28.769852200
4;14;15;approved;2020-10-30T17:08:28.769852200
5;2;4;rejected;2020-12-01T21:49:59.059047900
6;3;1;approved;2020-12-03T15:53:32.993291600
7;2;5;approved;2020-12-01T21:54:20.533332500
8;5;11;approved;2020-12-02T12:21:49.428617500
9;11;2;pending;2020-12-02T12:22:35.143228400
10;1;10;rejected;2020-12-03T15:54:08.938979600
11;15;13;approved;2020-12-03T15:58:10.345742400
12;11;14;approved;2020-12-03T16:09:59.105659200
13;2;14;unsent;2020-12-07T20:22:02.737929900
14;7;5;approved;2020-12-03T18:30:45.950232200
15;6;7;approved;2020-12-03T19:01:14.132085700
16;2;12;unsent;2020-12-07T22:43:34.212146700
17;3;12;approved;2020-12-10T16:47:05.145301500
18;2;9;pending;2020-12-10T19:03:32.365614300
19;7;6;approved;2020-12-10T19:14:22.269237600
20;6;14;unsent;2020-12-10T19:14:43.441150400
21;3;6;pending;2020-12-10T19:19:35.803589800
22;16;4;approved;2020-12-17T18:00:13.023842600
23;17;9;pending;2021-01-28T23:31:25.736022
24;18;9;pending;2021-03-18T22:39:57.552383200
